,Topic1_assignment,Topic2_assignment
0,"Int64Index([  0,   1,   2,   3,   4,   7,   8,   9,  10,  11,
            ...
            208, 209, 210, 211, 212, 213, 214, 217, 219, 221],
           dtype='int64', length=148)","Int64Index([1, 48, 74, 84, 94, 197, 214], dtype='int64')"
1,"Int64Index([103, 104, 105, 106, 107, 108, 109, 110, 111, 112, 113, 115, 116,
            117, 118, 119, 120, 121, 122, 123, 125, 126, 127, 128, 129, 130,
            131, 132, 133, 134, 135, 136, 137, 138, 139, 140, 141, 142, 143,
            222],
           dtype='int64')","Int64Index([  0,   2,   3,   7,  15,  17,  18,  20,  21,  25,  27,  29,  30,
             31,  33,  34,  35,  36,  43,  45,  47,  49,  51,  52,  53,  55,
             57,  60,  61,  66,  67,  69,  70,  71,  75,  76,  78,  79,  80,
             87,  88,  89,  91,  98,  99, 101, 102, 114, 124, 145, 151, 152,
            154, 159, 164, 165, 166, 168, 169, 172, 174, 175, 176, 183, 184,
            186, 188, 190, 204, 208, 209, 213, 217, 221, 222],
           dtype='int64')"
2,"Int64Index([  5,   6,  14,  16,  22,  23,  28,  39,  41,  44,  58,  63,  65,
             73,  77,  81,  86,  96, 146, 147, 148, 158, 173, 187, 193, 194,
            196, 198, 200, 201, 205, 215, 216, 218, 220],
           dtype='int64')","Int64Index([  5,   6,   9,  10,  14,  16,  22,  23,  24,  26,  28,  32,  37,
             38,  39,  40,  41,  44,  54,  56,  58,  59,  62,  63,  65,  73,
             77,  81,  86,  92,  95,  96, 100, 144, 146, 147, 148, 149, 157,
            158, 161, 162, 163, 167, 171, 173, 177, 180, 181, 185, 187, 189,
            193, 194, 195, 196, 198, 199, 200, 201, 203, 205, 210, 212, 215,
            216, 218, 219, 220],
           dtype='int64')"
3,,"Int64Index([103, 104, 105, 106, 107, 108, 109, 110, 111, 112, 113, 115, 116,
            117, 118, 119, 120, 121, 122, 123, 125, 126, 127, 128, 129, 130,
            131, 132, 133, 134, 135, 136, 137, 138, 139, 140, 141, 142, 143],
           dtype='int64')"
4,,"Int64Index([  4,   8,  11,  12,  13,  19,  42,  46,  50,  64,  68,  72,  82,
             83,  85,  90,  93,  97, 150, 153, 155, 156, 160, 170, 178, 179,
            182, 191, 192, 202, 206, 207, 211],
           dtype='int64')"
